ML Catalog Number,Format,Common Name,Scientific Name,Background Species,Caption,Recordist,Date,Year,Month,Day,Time,Country,Country-State-County,State,County,Locality,Latitude,Longitude,Age/Sex,Behaviors,Playback,Captive,Collected,Specimen ID,Home Archive Catalog Number,Recorder,Microphone,Accessory,Partner Institution,eBird Checklist ID,Unconfirmed,Air Temp(°C),Water Temp(°C),Media notes,Observation Details,Parent Species,eBird Species Code,Taxon Category,Taxonomic Sort,Recordist 2,Average Community Rating,Number of Ratings,Asset Tags,Original Image Height,Original Image Width
659027073,Photo,Boat-billed Flycatcher,Megarynchus pitangua,,,Felipe Harker,2026-05-21,2026,5,21,1027,Brazil,BR-RJ-068,Rio de Janeiro,Rio de Janeiro,Parque Eduardo Guinle,-22.9309128,-43.1831111,"",,Unspecified,false,false,,,,,,,S345797347,"",,,,,Megarynchus pitangua,bobfly1,Species,17379,,.00,0,,2425,3638
659027074,Photo,Boat-billed Flycatcher,Megarynchus pitangua,,,Felipe Harker,2026-05-21,2026,5,21,1027,Brazil,BR-RJ-068,Rio de Janeiro,Rio de Janeiro,Parque Eduardo Guinle,-22.9309128,-43.1831111,"",,Unspecified,false,false,,,,,,,S345797347,"",,,,,Megarynchus pitangua,bobfly1,Species,17379,,.00,0,,2771,4157
659027075,Photo,Boat-billed Flycatcher,Megarynchus pitangua,,,Felipe Harker,2026-05-21,2026,5,21,1027,Brazil,BR-RJ-068,Rio de Janeiro,Rio de Janeiro,Parque Eduardo Guinle,-22.9309128,-43.1831111,"",,Unspecified,false,false,,,,,,,S345797347,"",,,,,Megarynchus pitangua,bobfly1,Species,17379,,.00,0,,3680,5520
659027072,Photo,Boat-billed Flycatcher,Megarynchus pitangua,,,Felipe Harker,2026-05-21,2026,5,21,1027,Brazil,BR-RJ-068,Rio de Janeiro,Rio de Janeiro,Parque Eduardo Guinle,-22.9309128,-43.1831111,"",,Unspecified,false,false,,,,,,,S345797347,"",,,,,Megarynchus pitangua,bobfly1,Species,17379,,.00,0,,2314,3471
659027053,Photo,Violaceous Euphonia,Euphonia violacea,,,Felipe Harker,2026-05-21,2026,5,21,1027,Brazil,BR-RJ-068,Rio de Janeiro,Rio de Janeiro,Parque Eduardo Guinle,-22.9309128,-43.1831111,"",,Unspecified,false,false,,,,,,,S345797347,"",,,,,Euphonia violacea,vioeup1,Species,32026,,.00,0,,2736,4104
659027054,Photo,Violaceous Euphonia,Euphonia violacea,,,Felipe Harker,2026-05-21,2026,5,21,1027,Brazil,BR-RJ-068,Rio de Janeiro,Rio de Janeiro,Parque Eduardo Guinle,-22.9309128,-43.1831111,"",,Unspecified,false,false,,,,,,,S345797347,"",,,,,Euphonia violacea,vioeup1,Species,32026,,.00,0,,2671,4006
659027052,Photo,Violaceous Euphonia,Euphonia violacea,,,Felipe Harker,2026-05-21,2026,5,21,1027,Brazil,BR-RJ-068,Rio de Janeiro,Rio de Janeiro,Parque Eduardo Guinle,-22.9309128,-43.1831111,"",,Unspecified,false,false,,,,,,,S345797347,"",,,,,Euphonia violacea,vioeup1,Species,32026,,.00,0,,1807,2711
659027030,Photo,Common Waxbill,Estrilda astrild,,,Felipe Harker,2026-05-21,2026,5,21,1027,Brazil,BR-RJ-068,Rio de Janeiro,Rio de Janeiro,Parque Eduardo Guinle,-22.9309128,-43.1831111,"",,Unspecified,false,false,,,,,,,S345797347,"",,,,,Estrilda astrild,comwax,Species,31298,,.00,0,,2293,3440
659027029,Photo,Common Waxbill,Estrilda astrild,,,Felipe Harker,2026-05-21,2026,5,21,1027,Brazil,BR-RJ-068,Rio de Janeiro,Rio de Janeiro,Parque Eduardo Guinle,-22.9309128,-43.1831111,"",,Unspecified,false,false,,,,,,,S345797347,"",,,,,Estrilda astrild,comwax,Species,31298,,.00,0,,2307,3460
659027028,Photo,Common Waxbill,Estrilda astrild,,,Felipe Harker,2026-05-21,2026,5,21,1027,Brazil,BR-RJ-068,Rio de Janeiro,Rio de Janeiro,Parque Eduardo Guinle,-22.9309128,-43.1831111,"",,Unspecified,false,false,,,,,,,S345797347,"",,,,,Estrilda astrild,comwax,Species,31298,,.00,0,,1803,2704
659027005,Photo,Masked Water-Tyrant,Fluvicola nengeta,,,Felipe Harker,2026-05-21,2026,5,21,1027,Brazil,BR-RJ-068,Rio de Janeiro,Rio de Janeiro,Parque Eduardo Guinle,-22.9309128,-43.1831111,"",,Unspecified,false,false,,,,,,,S345797347,"",,,,,Fluvicola nengeta,mawtyr1,Species,17162,,.00,0,,2579,3868
659026978,Photo,Ruddy Ground Dove,Columbina talpacoti,,,Felipe Harker,2026-05-21,2026,5,21,1027,Brazil,BR-RJ-068,Rio de Janeiro,Rio de Janeiro,Parque Eduardo Guinle,-22.9309128,-43.1831111,"",,Unspecified,false,false,,,,,,,S345797347,"",,,,,Columbina talpacoti,rugdov,Species,2268,,.00,0,,3824,5737
659026976,Photo,Ruddy Ground Dove,Columbina talpacoti,,,Felipe Harker,2026-05-21,2026,5,21,1027,Brazil,BR-RJ-068,Rio de Janeiro,Rio de Janeiro,Parque Eduardo Guinle,-22.9309128,-43.1831111,"",,Unspecified,false,false,,,,,,,S345797347,"",,,,,Columbina talpacoti,rugdov,Species,2268,,.00,0,,3057,4585
659026962,Photo,Rock Pigeon (Feral Pigeon),Columba livia (Feral Pigeon),,,Felipe Harker,2026-05-21,2026,5,21,1027,Brazil,BR-RJ-068,Rio de Janeiro,Rio de Janeiro,Parque Eduardo Guinle,-22.9309128,-43.1831111,"",,Unspecified,false,false,,,,,,,S345797347,"",,,,,Columba livia,rocpig1,Domestic,1868,,.00,0,,5792,8688
659026963,Photo,Rock Pigeon (Feral Pigeon),Columba livia (Feral Pigeon),,,Felipe Harker,2026-05-21,2026,5,21,1027,Brazil,BR-RJ-068,Rio de Janeiro,Rio de Janeiro,Parque Eduardo Guinle,-22.9309128,-43.1831111,"",,Unspecified,false,false,,,,,,,S345797347,"",,,,,Columba livia,rocpig1,Domestic,1868,,.00,0,,5792,8688
659026964,Photo,Rock Pigeon (Feral Pigeon),Columba livia (Feral Pigeon),,,Felipe Harker,2026-05-21,2026,5,21,1027,Brazil,BR-RJ-068,Rio de Janeiro,Rio de Janeiro,Parque Eduardo Guinle,-22.9309128,-43.1831111,"",,Unspecified,false,false,,,,,,,S345797347,"",,,,,Columba livia,rocpig1,Domestic,1868,,.00,0,,5792,8688
659026831,Photo,Muscovy Duck,Cairina moschata,,,Felipe Harker,2026-05-21,2026,5,21,1027,Brazil,BR-RJ-068,Rio de Janeiro,Rio de Janeiro,Parque Eduardo Guinle,-22.9309128,-43.1831111,"",,Unspecified,false,false,,,,,,,S345797347,"",,,,,Cairina moschata,musduc,Species,445,,.00,0,,4045,6067
659025745,Photo,Muscovy Duck,Cairina moschata,,,Felipe Harker,2026-05-21,2026,5,21,1027,Brazil,BR-RJ-068,Rio de Janeiro,Rio de Janeiro,Parque Eduardo Guinle,-22.9309128,-43.1831111,"",,Unspecified,false,false,,,,,,,S345797347,"",,,,,Cairina moschata,musduc,Species,445,,.00,0,,4041,6067
659025746,Photo,Muscovy Duck,Cairina moschata,,,Felipe Harker,2026-05-21,2026,5,21,1027,Brazil,BR-RJ-068,Rio de Janeiro,Rio de Janeiro,Parque Eduardo Guinle,-22.9309128,-43.1831111,"",,Unspecified,false,false,,,,,,,S345797347,"",,,,,Cairina moschata,musduc,Species,445,,.00,0,,4401,6602
659025747,Photo,Muscovy Duck,Cairina moschata,,,Felipe Harker,2026-05-21,2026,5,21,1027,Brazil,BR-RJ-068,Rio de Janeiro,Rio de Janeiro,Parque Eduardo Guinle,-22.9309128,-43.1831111,"",,Unspecified,false,false,,,,,,,S345797347,"",,,,,Cairina moschata,musduc,Species,445,,.00,0,,4611,6916
659025818,Photo,Muscovy Duck,Cairina moschata,,,Felipe Harker,2026-05-21,2026,5,21,1027,Brazil,BR-RJ-068,Rio de Janeiro,Rio de Janeiro,Parque Eduardo Guinle,-22.9309128,-43.1831111,"",,Unspecified,false,false,,,,,,,S345797347,"",,,,,Cairina moschata,musduc,Species,445,,.00,0,,4714,7072
659025748,Photo,Muscovy Duck,Cairina moschata,,,Felipe Harker,2026-05-21,2026,5,21,1027,Brazil,BR-RJ-068,Rio de Janeiro,Rio de Janeiro,Parque Eduardo Guinle,-22.9309128,-43.1831111,"",,Unspecified,false,false,,,,,,,S345797347,"",,,,,Cairina moschata,musduc,Species,445,,.00,0,,4863,7295
659024054,Photo,Magnificent Frigatebird,Fregata magnificens,,,Felipe Harker,2026-05-20,2026,5,20,1717,Brazil,BR-RJ-068,Rio de Janeiro,Rio de Janeiro,Largo do Machado,-22.9308380,-43.1776710,"",,Unspecified,false,false,,,,,,,S352017523,"",,,,,Fregata magnificens,magfri,Species,7315,,.00,0,,2785,4178
658968169,Photo,Great Kiskadee,Pitangus sulphuratus,,,Felipe Harker,2026-05-16,2026,5,16,759,Brazil,BR-RJ-068,Rio de Janeiro,Rio de Janeiro,Jardim Botânico do Rio de Janeiro,-22.9674422,-43.2241201,"",,Unspecified,false,false,,,,,,,S345804797,"",,,,,Pitangus sulphuratus,grekis,Species,17368,,.00,0,,2319,3478
658968170,Photo,Great Kiskadee,Pitangus sulphuratus,,,Felipe Harker,2026-05-16,2026,5,16,759,Brazil,BR-RJ-068,Rio de Janeiro,Rio de Janeiro,Jardim Botânico do Rio de Janeiro,-22.9674422,-43.2241201,"",,Unspecified,false,false,,,,,,,S345804797,"",,,,,Pitangus sulphuratus,grekis,Species,17368,,.00,0,,2290,3435
658968168,Photo,Great Kiskadee,Pitangus sulphuratus,,,Felipe Harker,2026-05-16,2026,5,16,759,Brazil,BR-RJ-068,Rio de Janeiro,Rio de Janeiro,Jardim Botânico do Rio de Janeiro,-22.9674422,-43.2241201,"",,Unspecified,false,false,,,,,,,S345804797,"",,,,,Pitangus sulphuratus,grekis,Species,17368,,.00,0,,2349,3524
658968171,Photo,Great Kiskadee,Pitangus sulphuratus,,,Felipe Harker,2026-05-16,2026,5,16,759,Brazil,BR-RJ-068,Rio de Janeiro,Rio de Janeiro,Jardim Botânico do Rio de Janeiro,-22.9674422,-43.2241201,"",,Unspecified,false,false,,,,,,,S345804797,"",,,,,Pitangus sulphuratus,grekis,Species,17368,,.00,0,,2389,3584
658968172,Photo,Great Kiskadee,Pitangus sulphuratus,,,Felipe Harker,2026-05-16,2026,5,16,759,Brazil,BR-RJ-068,Rio de Janeiro,Rio de Janeiro,Jardim Botânico do Rio de Janeiro,-22.9674422,-43.2241201,"",,Unspecified,false,false,,,,,,,S345804797,"",,,,,Pitangus sulphuratus,grekis,Species,17368,,.00,0,,2463,3695
658968166,Photo,Great Kiskadee,Pitangus sulphuratus,,,Felipe Harker,2026-05-16,2026,5,16,759,Brazil,BR-RJ-068,Rio de Janeiro,Rio de Janeiro,Jardim Botânico do Rio de Janeiro,-22.9674422,-43.2241201,"",,Unspecified,false,false,,,,,,,S345804797,"",,,,,Pitangus sulphuratus,grekis,Species,17368,,.00,0,,1807,2711
658967973,Photo,Social Flycatcher,Myiozetetes similis,,,Felipe Harker,2026-05-16,2026,5,16,759,Brazil,BR-RJ-068,Rio de Janeiro,Rio de Janeiro,Jardim Botânico do Rio de Janeiro,-22.9674422,-43.2241201,"",,Unspecified,false,false,,,,,,,S345804797,"",,,,,Myiozetetes similis,socfly1,Species,17392,,.00,0,,2141,3211
658967900,Photo,Masked Water-Tyrant,Fluvicola nengeta,,,Felipe Harker,2026-05-16,2026,5,16,759,Brazil,BR-RJ-068,Rio de Janeiro,Rio de Janeiro,Jardim Botânico do Rio de Janeiro,-22.9674422,-43.2241201,"",,Unspecified,false,false,,,,,,,S345804797,"",,,,,Fluvicola nengeta,mawtyr1,Species,17162,,.00,0,,4359,6539
658967897,Photo,Masked Water-Tyrant,Fluvicola nengeta,,,Felipe Harker,2026-05-16,2026,5,16,759,Brazil,BR-RJ-068,Rio de Janeiro,Rio de Janeiro,Jardim Botânico do Rio de Janeiro,-22.9674422,-43.2241201,"",,Unspecified,false,false,,,,,,,S345804797,"",,,,,Fluvicola nengeta,mawtyr1,Species,17162,,.00,0,,2621,3931
658967898,Photo,Masked Water-Tyrant,Fluvicola nengeta,,,Felipe Harker,2026-05-16,2026,5,16,759,Brazil,BR-RJ-068,Rio de Janeiro,Rio de Janeiro,Jardim Botânico do Rio de Janeiro,-22.9674422,-43.2241201,"",,Unspecified,false,false,,,,,,,S345804797,"",,,,,Fluvicola nengeta,mawtyr1,Species,17162,,.00,0,,2725,4088
658967896,Photo,Masked Water-Tyrant,Fluvicola nengeta,,,Felipe Harker,2026-05-16,2026,5,16,759,Brazil,BR-RJ-068,Rio de Janeiro,Rio de Janeiro,Jardim Botânico do Rio de Janeiro,-22.9674422,-43.2241201,"",,Unspecified,false,false,,,,,,,S345804797,"",,,,,Fluvicola nengeta,mawtyr1,Species,17162,,.00,0,,2137,3205
658967899,Photo,Masked Water-Tyrant,Fluvicola nengeta,,,Felipe Harker,2026-05-16,2026,5,16,759,Brazil,BR-RJ-068,Rio de Janeiro,Rio de Janeiro,Jardim Botânico do Rio de Janeiro,-22.9674422,-43.2241201,"",,Unspecified,false,false,,,,,,,S345804797,"",,,,,Fluvicola nengeta,mawtyr1,Species,17162,,.00,0,,3390,5085
658967893,Photo,Masked Water-Tyrant,Fluvicola nengeta,,,Felipe Harker,2026-05-16,2026,5,16,759,Brazil,BR-RJ-068,Rio de Janeiro,Rio de Janeiro,Jardim Botânico do Rio de Janeiro,-22.9674422,-43.2241201,"",,Unspecified,false,false,,,,,,,S345804797,"",,,,,Fluvicola nengeta,mawtyr1,Species,17162,,.00,0,,2157,3236
658967892,Photo,Masked Water-Tyrant,Fluvicola nengeta,,,Felipe Harker,2026-05-16,2026,5,16,759,Brazil,BR-RJ-068,Rio de Janeiro,Rio de Janeiro,Jardim Botânico do Rio de Janeiro,-22.9674422,-43.2241201,"",,Unspecified,false,false,,,,,,,S345804797,"",,,,,Fluvicola nengeta,mawtyr1,Species,17162,,.00,0,,1411,2116
658967862,Photo,Social Flycatcher,Myiozetetes similis,,,Felipe Harker,2026-05-16,2026,5,16,759,Brazil,BR-RJ-068,Rio de Janeiro,Rio de Janeiro,Jardim Botânico do Rio de Janeiro,-22.9674422,-43.2241201,"",,Unspecified,false,false,,,,,,,S345804797,"",,,,,Myiozetetes similis,socfly1,Species,17392,,.00,0,,2463,3695
658967861,Photo,Social Flycatcher,Myiozetetes similis,,,Felipe Harker,2026-05-16,2026,5,16,759,Brazil,BR-RJ-068,Rio de Janeiro,Rio de Janeiro,Jardim Botânico do Rio de Janeiro,-22.9674422,-43.2241201,"",,Unspecified,false,false,,,,,,,S345804797,"",,,,,Myiozetetes similis,socfly1,Species,17392,,.00,0,,2389,3584
658967863,Photo,Social Flycatcher,Myiozetetes similis,,,Felipe Harker,2026-05-16,2026,5,16,759,Brazil,BR-RJ-068,Rio de Janeiro,Rio de Janeiro,Jardim Botânico do Rio de Janeiro,-22.9674422,-43.2241201,"",,Unspecified,false,false,,,,,,,S345804797,"",,,,,Myiozetetes similis,socfly1,Species,17392,,.00,0,,2879,4319
658967860,Photo,Social Flycatcher,Myiozetetes similis,,,Felipe Harker,2026-05-16,2026,5,16,759,Brazil,BR-RJ-068,Rio de Janeiro,Rio de Janeiro,Jardim Botânico do Rio de Janeiro,-22.9674422,-43.2241201,"",,Unspecified,false,false,,,,,,,S345804797,"",,,,,Myiozetetes similis,socfly1,Species,17392,,.00,0,,1592,2388
658967796,Photo,Flame-crested Tanager,Loriotus cristatus,,,Felipe Harker,2026-05-16,2026,5,16,759,Brazil,BR-RJ-068,Rio de Janeiro,Rio de Janeiro,Jardim Botânico do Rio de Janeiro,-22.9674422,-43.2241201,"",,Unspecified,false,false,,,,,,,S345804797,"",,,,,Loriotus cristatus,flctan1,Species,34751,,.00,0,,1945,2918
658967795,Photo,Flame-crested Tanager,Loriotus cristatus,,,Felipe Harker,2026-05-16,2026,5,16,759,Brazil,BR-RJ-068,Rio de Janeiro,Rio de Janeiro,Jardim Botânico do Rio de Janeiro,-22.9674422,-43.2241201,"",,Unspecified,false,false,,,,,,,S345804797,"",,,,,Loriotus cristatus,flctan1,Species,34751,,.00,0,,2157,3235
658967714,Photo,Rusty-margined Guan,Penelope superciliaris,,,Felipe Harker,2026-05-16,2026,5,16,759,Brazil,BR-RJ-068,Rio de Janeiro,Rio de Janeiro,Jardim Botânico do Rio de Janeiro,-22.9674422,-43.2241201,"",,Unspecified,false,false,,,,,,,S345804797,"",,,,,Penelope superciliaris,rumgua1,Species,888,,.00,0,,3040,4560
658967660,Photo,Tropical Kingbird,Tyrannus melancholicus,,,Felipe Harker,2026-05-16,2026,5,16,759,Brazil,BR-RJ-068,Rio de Janeiro,Rio de Janeiro,Jardim Botânico do Rio de Janeiro,-22.9674422,-43.2241201,"",,Unspecified,false,false,,,,,,,S345804797,"",,,,,Tyrannus melancholicus,trokin,Species,17452,,.00,0,,1849,2774
658967593,Photo,Common Squirrel-Cuckoo,Piaya cayana,,,Felipe Harker,2026-05-16,2026,5,16,759,Brazil,BR-RJ-068,Rio de Janeiro,Rio de Janeiro,Jardim Botânico do Rio de Janeiro,-22.9674422,-43.2241201,"",,Unspecified,false,false,,,,,,,S345804797,"",,,,,Piaya cayana,squcuc1,Species,3218,,.00,0,,1944,2916
658967592,Photo,Common Squirrel-Cuckoo,Piaya cayana,,,Felipe Harker,2026-05-16,2026,5,16,759,Brazil,BR-RJ-068,Rio de Janeiro,Rio de Janeiro,Jardim Botânico do Rio de Janeiro,-22.9674422,-43.2241201,"",,Unspecified,false,false,,,,,,,S345804797,"",,,,,Piaya cayana,squcuc1,Species,3218,,.00,0,,1802,2703
658967591,Photo,Common Squirrel-Cuckoo,Piaya cayana,,,Felipe Harker,2026-05-16,2026,5,16,759,Brazil,BR-RJ-068,Rio de Janeiro,Rio de Janeiro,Jardim Botânico do Rio de Janeiro,-22.9674422,-43.2241201,"",,Unspecified,false,false,,,,,,,S345804797,"",,,,,Piaya cayana,squcuc1,Species,3218,,.00,0,,1444,2166
658967540,Photo,Channel-billed Toucan,Ramphastos vitellinus,,,Felipe Harker,2026-05-16,2026,5,16,759,Brazil,BR-RJ-068,Rio de Janeiro,Rio de Janeiro,Jardim Botânico do Rio de Janeiro,-22.9674422,-43.2241201,"",,Unspecified,false,false,,,,,,,S345804797,"",,,,,Ramphastos vitellinus,chbtou1,Species,10940,,.00,0,,4608,6912
658967536,Photo,Channel-billed Toucan,Ramphastos vitellinus,,,Felipe Harker,2026-05-16,2026,5,16,759,Brazil,BR-RJ-068,Rio de Janeiro,Rio de Janeiro,Jardim Botânico do Rio de Janeiro,-22.9674422,-43.2241201,"",,Unspecified,false,false,,,,,,,S345804797,"",,,,,Ramphastos vitellinus,chbtou1,Species,10940,,.00,0,,3876,5814
658967537,Photo,Channel-billed Toucan,Ramphastos vitellinus,,,Felipe Harker,2026-05-16,2026,5,16,759,Brazil,BR-RJ-068,Rio de Janeiro,Rio de Janeiro,Jardim Botânico do Rio de Janeiro,-22.9674422,-43.2241201,"",,Unspecified,false,false,,,,,,,S345804797,"",,,,,Ramphastos vitellinus,chbtou1,Species,10940,,.00,0,,4085,6128
658967533,Photo,Channel-billed Toucan,Ramphastos vitellinus,,,Felipe Harker,2026-05-16,2026,5,16,759,Brazil,BR-RJ-068,Rio de Janeiro,Rio de Janeiro,Jardim Botânico do Rio de Janeiro,-22.9674422,-43.2241201,"",,Unspecified,false,false,,,,,,,S345804797,"",,,,,Ramphastos vitellinus,chbtou1,Species,10940,,.00,0,,2911,4367
658967532,Photo,Channel-billed Toucan,Ramphastos vitellinus,,,Felipe Harker,2026-05-16,2026,5,16,759,Brazil,BR-RJ-068,Rio de Janeiro,Rio de Janeiro,Jardim Botânico do Rio de Janeiro,-22.9674422,-43.2241201,"",,Unspecified,false,false,,,,,,,S345804797,"",,,,,Ramphastos vitellinus,chbtou1,Species,10940,,.00,0,,2915,4374
658967531,Photo,Channel-billed Toucan,Ramphastos vitellinus,,,Felipe Harker,2026-05-16,2026,5,16,759,Brazil,BR-RJ-068,Rio de Janeiro,Rio de Janeiro,Jardim Botânico do Rio de Janeiro,-22.9674422,-43.2241201,"",,Unspecified,false,false,,,,,,,S345804797,"",,,,,Ramphastos vitellinus,chbtou1,Species,10940,,.00,0,,2854,4281
658967530,Photo,Channel-billed Toucan,Ramphastos vitellinus,,,Felipe Harker,2026-05-16,2026,5,16,759,Brazil,BR-RJ-068,Rio de Janeiro,Rio de Janeiro,Jardim Botânico do Rio de Janeiro,-22.9674422,-43.2241201,"",,Unspecified,false,false,,,,,,,S345804797,"",,,,,Ramphastos vitellinus,chbtou1,Species,10940,,.00,0,,2756,4134
658967534,Photo,Channel-billed Toucan,Ramphastos vitellinus,,,Felipe Harker,2026-05-16,2026,5,16,759,Brazil,BR-RJ-068,Rio de Janeiro,Rio de Janeiro,Jardim Botânico do Rio de Janeiro,-22.9674422,-43.2241201,"",,Unspecified,false,false,,,,,,,S345804797,"",,,,,Ramphastos vitellinus,chbtou1,Species,10940,,.00,0,,3164,4746
658967529,Photo,Channel-billed Toucan,Ramphastos vitellinus,,,Felipe Harker,2026-05-16,2026,5,16,759,Brazil,BR-RJ-068,Rio de Janeiro,Rio de Janeiro,Jardim Botânico do Rio de Janeiro,-22.9674422,-43.2241201,"",,Unspecified,false,false,,,,,,,S345804797,"",,,,,Ramphastos vitellinus,chbtou1,Species,10940,,.00,0,,2680,4020
658967526,Photo,Channel-billed Toucan,Ramphastos vitellinus,,,Felipe Harker,2026-05-16,2026,5,16,759,Brazil,BR-RJ-068,Rio de Janeiro,Rio de Janeiro,Jardim Botânico do Rio de Janeiro,-22.9674422,-43.2241201,"",,Unspecified,false,false,,,,,,,S345804797,"",,,,,Ramphastos vitellinus,chbtou1,Species,10940,,.00,0,,2724,4086
658967525,Photo,Channel-billed Toucan,Ramphastos vitellinus,,,Felipe Harker,2026-05-16,2026,5,16,759,Brazil,BR-RJ-068,Rio de Janeiro,Rio de Janeiro,Jardim Botânico do Rio de Janeiro,-22.9674422,-43.2241201,"",,Unspecified,false,false,,,,,,,S345804797,"",,,,,Ramphastos vitellinus,chbtou1,Species,10940,,.00,0,,2357,3536
658967524,Photo,Channel-billed Toucan,Ramphastos vitellinus,,,Felipe Harker,2026-05-16,2026,5,16,759,Brazil,BR-RJ-068,Rio de Janeiro,Rio de Janeiro,Jardim Botânico do Rio de Janeiro,-22.9674422,-43.2241201,"",,Unspecified,false,false,,,,,,,S345804797,"",,,,,Ramphastos vitellinus,chbtou1,Species,10940,,.00,0,,2292,3438
658967522,Photo,Channel-billed Toucan,Ramphastos vitellinus,,,Felipe Harker,2026-05-16,2026,5,16,759,Brazil,BR-RJ-068,Rio de Janeiro,Rio de Janeiro,Jardim Botânico do Rio de Janeiro,-22.9674422,-43.2241201,"",,Unspecified,false,false,,,,,,,S345804797,"",,,,,Ramphastos vitellinus,chbtou1,Species,10940,,.00,0,,2251,3377
658967521,Photo,Channel-billed Toucan,Ramphastos vitellinus,,,Felipe Harker,2026-05-16,2026,5,16,759,Brazil,BR-RJ-068,Rio de Janeiro,Rio de Janeiro,Jardim Botânico do Rio de Janeiro,-22.9674422,-43.2241201,"",,Unspecified,false,false,,,,,,,S345804797,"",,,,,Ramphastos vitellinus,chbtou1,Species,10940,,.00,0,,2050,3075
658967527,Photo,Channel-billed Toucan,Ramphastos vitellinus,,,Felipe Harker,2026-05-16,2026,5,16,759,Brazil,BR-RJ-068,Rio de Janeiro,Rio de Janeiro,Jardim Botânico do Rio de Janeiro,-22.9674422,-43.2241201,"",,Unspecified,false,false,,,,,,,S345804797,"",,,,,Ramphastos vitellinus,chbtou1,Species,10940,,.00,0,,2539,3809
658967491,Photo,Great Kiskadee,Pitangus sulphuratus,,,Felipe Harker,2026-05-16,2026,5,16,759,Brazil,BR-RJ-068,Rio de Janeiro,Rio de Janeiro,Jardim Botânico do Rio de Janeiro,-22.9674422,-43.2241201,"",,Unspecified,false,false,,,,,,,S345804797,"",,,,,Pitangus sulphuratus,grekis,Species,17368,,.00,0,,3213,4819
658967492,Photo,Great Kiskadee,Pitangus sulphuratus,,,Felipe Harker,2026-05-16,2026,5,16,759,Brazil,BR-RJ-068,Rio de Janeiro,Rio de Janeiro,Jardim Botânico do Rio de Janeiro,-22.9674422,-43.2241201,"",,Unspecified,false,false,,,,,,,S345804797,"",,,,,Pitangus sulphuratus,grekis,Species,17368,,.00,0,,3275,4913
658967493,Photo,Great Kiskadee,Pitangus sulphuratus,,,Felipe Harker,2026-05-16,2026,5,16,759,Brazil,BR-RJ-068,Rio de Janeiro,Rio de Janeiro,Jardim Botânico do Rio de Janeiro,-22.9674422,-43.2241201,"",,Unspecified,false,false,,,,,,,S345804797,"",,,,,Pitangus sulphuratus,grekis,Species,17368,,.00,0,,3342,5013
658967416,Photo,Great Kiskadee,Pitangus sulphuratus,,,Felipe Harker,2026-05-16,2026,5,16,759,Brazil,BR-RJ-068,Rio de Janeiro,Rio de Janeiro,Jardim Botânico do Rio de Janeiro,-22.9674422,-43.2241201,"",,Unspecified,false,false,,,,,,,S345804797,"",,,,,Pitangus sulphuratus,grekis,Species,17368,,.00,0,,4125,6187
658967330,Photo,Violet-capped Woodnymph,Thalurania glaucopis,,,Felipe Harker,2026-05-16,2026,5,16,759,Brazil,BR-RJ-068,Rio de Janeiro,Rio de Janeiro,Jardim Botânico do Rio de Janeiro,-22.9674422,-43.2241201,"",,Unspecified,false,false,,,,,,,S345804797,"",,,,,Thalurania glaucopis,vicwoo2,Species,4974,,.00,0,,2734,4101
658967262,Photo,Tropical Kingbird,Tyrannus melancholicus,,,Felipe Harker,2026-05-16,2026,5,16,759,Brazil,BR-RJ-068,Rio de Janeiro,Rio de Janeiro,Jardim Botânico do Rio de Janeiro,-22.9674422,-43.2241201,"",,Unspecified,false,false,,,,,,,S345804797,"",,,,,Tyrannus melancholicus,trokin,Species,17452,,.00,0,,3904,5856
658967245,Photo,Tropical Kingbird,Tyrannus melancholicus,,,Felipe Harker,2026-05-16,2026,5,16,759,Brazil,BR-RJ-068,Rio de Janeiro,Rio de Janeiro,Jardim Botânico do Rio de Janeiro,-22.9674422,-43.2241201,"",,Unspecified,false,false,,,,,,,S345804797,"",,,,,Tyrannus melancholicus,trokin,Species,17452,,.00,0,,3081,4621
658967116,Photo,Violet-capped Woodnymph,Thalurania glaucopis,,,Felipe Harker,2026-05-16,2026,5,16,759,Brazil,BR-RJ-068,Rio de Janeiro,Rio de Janeiro,Jardim Botânico do Rio de Janeiro,-22.9674422,-43.2241201,"",,Unspecified,false,false,,,,,,,S345804797,"",,,,,Thalurania glaucopis,vicwoo2,Species,4974,,.00,0,,2591,3887
658966961,Photo,Rufous-collared Sparrow,Zonotrichia capensis,,,Felipe Harker,2026-05-16,2026,5,16,759,Brazil,BR-RJ-068,Rio de Janeiro,Rio de Janeiro,Jardim Botânico do Rio de Janeiro,-22.9674422,-43.2241201,"",,Unspecified,false,false,,,,,,,S345804797,"",,,,,Zonotrichia capensis,rucspa1,Species,33158,,.00,0,,2509,3763
658966963,Photo,Rufous-collared Sparrow,Zonotrichia capensis,,,Felipe Harker,2026-05-16,2026,5,16,759,Brazil,BR-RJ-068,Rio de Janeiro,Rio de Janeiro,Jardim Botânico do Rio de Janeiro,-22.9674422,-43.2241201,"",,Unspecified,false,false,,,,,,,S345804797,"",,,,,Zonotrichia capensis,rucspa1,Species,33158,,.00,0,,2906,4359
658966964,Photo,Rufous-collared Sparrow,Zonotrichia capensis,,,Felipe Harker,2026-05-16,2026,5,16,759,Brazil,BR-RJ-068,Rio de Janeiro,Rio de Janeiro,Jardim Botânico do Rio de Janeiro,-22.9674422,-43.2241201,"",,Unspecified,false,false,,,,,,,S345804797,"",,,,,Zonotrichia capensis,rucspa1,Species,33158,,.00,0,,3419,5130
656802024,Photo,American Robin,Turdus migratorius,,,Felipe Harker,2026-05-06,2026,5,6,1802,United States,US-TX-201,Texas,Harris,Fall Creek Subdivision,29.9329260,-95.2771390,"",,Unspecified,false,false,,,,,,,S333756698,"",,,,,Turdus migratorius,amerob,Species,28633,,.00,0,,3185,4778
656802023,Photo,American Robin,Turdus migratorius,,,Felipe Harker,2026-05-06,2026,5,6,1802,United States,US-TX-201,Texas,Harris,Fall Creek Subdivision,29.9329260,-95.2771390,"",,Unspecified,false,false,,,,,,,S333756698,"",,,,,Turdus migratorius,amerob,Species,28633,,.00,0,,2773,4160
656802017,Photo,Northern Mockingbird,Mimus polyglottos,,,Felipe Harker,2026-05-06,2026,5,6,1802,United States,US-TX-201,Texas,Harris,Fall Creek Subdivision,29.9329260,-95.2771390,"",,Unspecified,false,false,,,,,,,S333756698,"",,,,,Mimus polyglottos,normoc,Species,28114,,.00,0,,3228,4842
656802002,Photo,Northern Mockingbird,Mimus polyglottos,,,Felipe Harker,2026-05-06,2026,5,6,1802,United States,US-TX-201,Texas,Harris,Fall Creek Subdivision,29.9329260,-95.2771390,"",,Unspecified,false,false,,,,,,,S333756698,"",,,,,Mimus polyglottos,normoc,Species,28114,,4.00,1,,5792,8688
656802001,Photo,Northern Mockingbird,Mimus polyglottos,,,Felipe Harker,2026-05-06,2026,5,6,1802,United States,US-TX-201,Texas,Harris,Fall Creek Subdivision,29.9329260,-95.2771390,"",,Unspecified,false,false,,,,,,,S333756698,"",,,,,Mimus polyglottos,normoc,Species,28114,,.00,0,,5792,8688
656801999,Photo,Northern Mockingbird,Mimus polyglottos,,,Felipe Harker,2026-05-06,2026,5,6,1802,United States,US-TX-201,Texas,Harris,Fall Creek Subdivision,29.9329260,-95.2771390,"",,Unspecified,false,false,,,,,,,S333756698,"",,,,,Mimus polyglottos,normoc,Species,28114,,.00,0,,2999,4498
656801996,Photo,Northern Mockingbird,Mimus polyglottos,,,Felipe Harker,2026-05-06,2026,5,6,1802,United States,US-TX-201,Texas,Harris,Fall Creek Subdivision,29.9329260,-95.2771390,"",,Unspecified,false,false,,,,,,,S333756698,"",,,,,Mimus polyglottos,normoc,Species,28114,,.00,0,,2895,4343
656801997,Photo,Northern Mockingbird,Mimus polyglottos,,,Felipe Harker,2026-05-06,2026,5,6,1802,United States,US-TX-201,Texas,Harris,Fall Creek Subdivision,29.9329260,-95.2771390,"",,Unspecified,false,false,,,,,,,S333756698,"",,,,,Mimus polyglottos,normoc,Species,28114,,.00,0,,3529,5293
656801998,Photo,Northern Mockingbird,Mimus polyglottos,,,Felipe Harker,2026-05-06,2026,5,6,1802,United States,US-TX-201,Texas,Harris,Fall Creek Subdivision,29.9329260,-95.2771390,"",,Unspecified,false,false,,,,,,,S333756698,"",,,,,Mimus polyglottos,normoc,Species,28114,,.00,0,,3557,5336
656801968,Photo,Fish Crow,Corvus ossifragus,,,Felipe Harker,2026-05-06,2026,5,6,1802,United States,US-TX-201,Texas,Harris,Fall Creek Subdivision,29.9329260,-95.2771390,"",,Unspecified,false,false,,,,,,,S333756698,"",,,,,Corvus ossifragus,fiscro,Species,21570,,.00,0,,2890,4335
656801967,Photo,Fish Crow,Corvus ossifragus,,,Felipe Harker,2026-05-06,2026,5,6,1802,United States,US-TX-201,Texas,Harris,Fall Creek Subdivision,29.9329260,-95.2771390,"",,Unspecified,false,false,,,,,,,S333756698,"",,,,,Corvus ossifragus,fiscro,Species,21570,,.00,0,,4672,7008
656801938,Photo,Pine Warbler,Setophaga pinus,,,Felipe Harker,2026-05-06,2026,5,6,1802,United States,US-TX-201,Texas,Harris,Fall Creek Subdivision,29.9329260,-95.2771390,"",,Unspecified,false,false,,,,,,,S333756698,"",,,,,Setophaga pinus,pinwar,Species,34153,,.00,0,,4075,6112
656801936,Photo,Pine Warbler,Setophaga pinus,,,Felipe Harker,2026-05-06,2026,5,6,1802,United States,US-TX-201,Texas,Harris,Fall Creek Subdivision,29.9329260,-95.2771390,"",,Unspecified,false,false,,,,,,,S333756698,"",,,,,Setophaga pinus,pinwar,Species,34153,,.00,0,,3264,4896
656801935,Photo,Pine Warbler,Setophaga pinus,,,Felipe Harker,2026-05-06,2026,5,6,1802,United States,US-TX-201,Texas,Harris,Fall Creek Subdivision,29.9329260,-95.2771390,"",,Unspecified,false,false,,,,,,,S333756698,"",,,,,Setophaga pinus,pinwar,Species,34153,,.00,0,,3164,4746
656732937,Photo,Northern Cardinal,Cardinalis cardinalis,,,Felipe Harker,2026-05-02,2026,5,2,1002,United States,US-TX-201,Texas,Harris,Jesse H. Jones County Park (UTC 038),30.0240000,-95.2950000,"",,Unspecified,false,false,,,,,,,S333500962,"",,,,,Cardinalis cardinalis,norcar,Species,34515,,.00,0,,4075,6112
656732938,Photo,Northern Cardinal,Cardinalis cardinalis,,,Felipe Harker,2026-05-02,2026,5,2,1002,United States,US-TX-201,Texas,Harris,Jesse H. Jones County Park (UTC 038),30.0240000,-95.2950000,"",,Unspecified,false,false,,,,,,,S333500962,"",,,,,Cardinalis cardinalis,norcar,Species,34515,,.00,0,,4080,6120
656732936,Photo,Northern Cardinal,Cardinalis cardinalis,,,Felipe Harker,2026-05-02,2026,5,2,1002,United States,US-TX-201,Texas,Harris,Jesse H. Jones County Park (UTC 038),30.0240000,-95.2950000,"",,Unspecified,false,false,,,,,,,S333500962,"",,,,,Cardinalis cardinalis,norcar,Species,34515,,.00,0,,2965,4447
656732880,Photo,Mourning Dove,Zenaida macroura,,,Felipe Harker,2026-05-02,2026,5,2,1002,United States,US-TX-201,Texas,Harris,Jesse H. Jones County Park (UTC 038),30.0240000,-95.2950000,"",,Unspecified,false,false,,,,,,,S333500962,"",,,,,Zenaida macroura,moudov,Species,2412,,.00,0,,3319,4978
656732878,Photo,Mourning Dove,Zenaida macroura,,,Felipe Harker,2026-05-02,2026,5,2,1002,United States,US-TX-201,Texas,Harris,Jesse H. Jones County Park (UTC 038),30.0240000,-95.2950000,"",,Unspecified,false,false,,,,,,,S333500962,"",,,,,Zenaida macroura,moudov,Species,2412,,.00,0,,3563,5344
656732509,Photo,Northern Cardinal,Cardinalis cardinalis,,,Felipe Harker,2026-05-02,2026,5,2,1002,United States,US-TX-201,Texas,Harris,Jesse H. Jones County Park (UTC 038),30.0240000,-95.2950000,"",,Unspecified,false,false,,,,,,,S333500962,"",,,,,Cardinalis cardinalis,norcar,Species,34515,,.00,0,,5792,8688
656732507,Photo,Northern Cardinal,Cardinalis cardinalis,,,Felipe Harker,2026-05-02,2026,5,2,1002,United States,US-TX-201,Texas,Harris,Jesse H. Jones County Park (UTC 038),30.0240000,-95.2950000,"",,Unspecified,false,false,,,,,,,S333500962,"",,,,,Cardinalis cardinalis,norcar,Species,34515,,.00,0,,5792,8688
656732504,Photo,Northern Cardinal,Cardinalis cardinalis,,,Felipe Harker,2026-05-02,2026,5,2,1002,United States,US-TX-201,Texas,Harris,Jesse H. Jones County Park (UTC 038),30.0240000,-95.2950000,"",,Unspecified,false,false,,,,,,,S333500962,"",,,,,Cardinalis cardinalis,norcar,Species,34515,,.00,0,,5792,8688
656732503,Photo,Northern Cardinal,Cardinalis cardinalis,,,Felipe Harker,2026-05-02,2026,5,2,1002,United States,US-TX-201,Texas,Harris,Jesse H. Jones County Park (UTC 038),30.0240000,-95.2950000,"",,Unspecified,false,false,,,,,,,S333500962,"",,,,,Cardinalis cardinalis,norcar,Species,34515,,.00,0,,5792,8688
656732502,Photo,Northern Cardinal,Cardinalis cardinalis,,,Felipe Harker,2026-05-02,2026,5,2,1002,United States,US-TX-201,Texas,Harris,Jesse H. Jones County Park (UTC 038),30.0240000,-95.2950000,"",,Unspecified,false,false,,,,,,,S333500962,"",,,,,Cardinalis cardinalis,norcar,Species,34515,,.00,0,,5792,8688
656732497,Photo,Northern Cardinal,Cardinalis cardinalis,,,Felipe Harker,2026-05-02,2026,5,2,1002,United States,US-TX-201,Texas,Harris,Jesse H. Jones County Park (UTC 038),30.0240000,-95.2950000,"",,Unspecified,false,false,,,,,,,S333500962,"",,,,,Cardinalis cardinalis,norcar,Species,34515,,.00,0,,2922,4383
656732499,Photo,Northern Cardinal,Cardinalis cardinalis,,,Felipe Harker,2026-05-02,2026,5,2,1002,United States,US-TX-201,Texas,Harris,Jesse H. Jones County Park (UTC 038),30.0240000,-95.2950000,"",,Unspecified,false,false,,,,,,,S333500962,"",,,,,Cardinalis cardinalis,norcar,Species,34515,,.00,0,,2663,3995
656732405,Photo,Carolina Chickadee,Poecile carolinensis,,,Felipe Harker,2026-05-02,2026,5,2,1002,United States,US-TX-201,Texas,Harris,Jesse H. Jones County Park (UTC 038),30.0240000,-95.2950000,"",,Unspecified,false,false,,,,,,,S333500962,"",,,,,Poecile carolinensis,carchi,Species,22060,,.00,0,,5792,8688
656732391,Photo,Northern Cardinal,Cardinalis cardinalis,,,Felipe Harker,2026-05-02,2026,5,2,1002,United States,US-TX-201,Texas,Harris,Jesse H. Jones County Park (UTC 038),30.0240000,-95.2950000,"",,Unspecified,false,false,,,,,,,S333500962,"",,,,,Cardinalis cardinalis,norcar,Species,34515,,.00,0,,5792,8688
656732390,Photo,Northern Cardinal,Cardinalis cardinalis,,,Felipe Harker,2026-05-02,2026,5,2,1002,United States,US-TX-201,Texas,Harris,Jesse H. Jones County Park (UTC 038),30.0240000,-95.2950000,"",,Unspecified,false,false,,,,,,,S333500962,"",,,,,Cardinalis cardinalis,norcar,Species,34515,,.00,0,,4784,7176
656732389,Photo,Northern Cardinal,Cardinalis cardinalis,,,Felipe Harker,2026-05-02,2026,5,2,1002,United States,US-TX-201,Texas,Harris,Jesse H. Jones County Park (UTC 038),30.0240000,-95.2950000,"",,Unspecified,false,false,,,,,,,S333500962,"",,,,,Cardinalis cardinalis,norcar,Species,34515,,.00,0,,4139,6208
656732282,Photo,Brown-headed Cowbird,Molothrus ater,,,Felipe Harker,2026-05-02,2026,5,2,1002,United States,US-TX-201,Texas,Harris,Jesse H. Jones County Park (UTC 038),30.0240000,-95.2950000,"",,Unspecified,false,false,,,,,,,S333500962,"",,,,,Molothrus ater,bnhcow,Species,33833,,.00,0,,5792,8688
656732281,Photo,Brown-headed Cowbird,Molothrus ater,,,Felipe Harker,2026-05-02,2026,5,2,1002,United States,US-TX-201,Texas,Harris,Jesse H. Jones County Park (UTC 038),30.0240000,-95.2950000,"",,Unspecified,false,false,,,,,,,S333500962,"",,,,,Molothrus ater,bnhcow,Species,33833,,.00,0,,5792,8688
656732245,Photo,Carolina Chickadee,Poecile carolinensis,,,Felipe Harker,2026-05-02,2026,5,2,1002,United States,US-TX-201,Texas,Harris,Jesse H. Jones County Park (UTC 038),30.0240000,-95.2950000,"",,Unspecified,false,false,,,,,,,S333500962,"",,,,,Poecile carolinensis,carchi,Species,22060,,.00,0,,5792,8688
656732216,Photo,Eastern Wood-Pewee,Contopus virens,,,Felipe Harker,2026-05-02,2026,5,2,1002,United States,US-TX-201,Texas,Harris,Jesse H. Jones County Park (UTC 038),30.0240000,-95.2950000,"",,Unspecified,false,false,,,,,,,S333500962,"",,,,,Contopus virens,eawpew,Species,16924,,.00,0,,5792,8688
656732217,Photo,Eastern Wood-Pewee,Contopus virens,,,Felipe Harker,2026-05-02,2026,5,2,1002,United States,US-TX-201,Texas,Harris,Jesse H. Jones County Park (UTC 038),30.0240000,-95.2950000,"",,Unspecified,false,false,,,,,,,S333500962,"",,,,,Contopus virens,eawpew,Species,16924,,.00,0,,5792,8688
656732215,Photo,Eastern Wood-Pewee,Contopus virens,,,Felipe Harker,2026-05-02,2026,5,2,1002,United States,US-TX-201,Texas,Harris,Jesse H. Jones County Park (UTC 038),30.0240000,-95.2950000,"",,Unspecified,false,false,,,,,,,S333500962,"",,,,,Contopus virens,eawpew,Species,16924,,.00,0,,5792,8688
656732181,Photo,Northern Cardinal,Cardinalis cardinalis,,,Felipe Harker,2026-05-02,2026,5,2,1002,United States,US-TX-201,Texas,Harris,Jesse H. Jones County Park (UTC 038),30.0240000,-95.2950000,"",,Unspecified,false,false,,,,,,,S333500962,"",,,,,Cardinalis cardinalis,norcar,Species,34515,,.00,0,,5792,8688
656732152,Photo,Cedar Waxwing,Bombycilla cedrorum,,,Felipe Harker,2026-05-02,2026,5,2,1002,United States,US-TX-201,Texas,Harris,Jesse H. Jones County Park (UTC 038),30.0240000,-95.2950000,"",,Unspecified,false,false,,,,,,,S333500962,"",,,,,Bombycilla cedrorum,cedwax,Species,29888,,.00,0,,5792,8688
656732044,Photo,Red-tailed Hawk,Buteo jamaicensis,,,Felipe Harker,2026-05-02,2026,5,2,1002,United States,US-TX-201,Texas,Harris,Jesse H. Jones County Park (UTC 038),30.0240000,-95.2950000,"",,Unspecified,false,false,,,,,,,S333500962,"",,,,,Buteo jamaicensis,rethaw,Species,8506,,.00,0,,1638,2458
656732035,Photo,Red-bellied Woodpecker,Melanerpes carolinus,,,Felipe Harker,2026-05-02,2026,5,2,1002,United States,US-TX-201,Texas,Harris,Jesse H. Jones County Park (UTC 038),30.0240000,-95.2950000,"",,Unspecified,false,false,,,,,,,S333500962,"",,,,,Melanerpes carolinus,rebwoo,Species,11199,,.00,0,,5792,8688
656732036,Photo,Red-bellied Woodpecker,Melanerpes carolinus,,,Felipe Harker,2026-05-02,2026,5,2,1002,United States,US-TX-201,Texas,Harris,Jesse H. Jones County Park (UTC 038),30.0240000,-95.2950000,"",,Unspecified,false,false,,,,,,,S333500962,"",,,,,Melanerpes carolinus,rebwoo,Species,11199,,.00,0,,5792,8688
656731933,Photo,Northern Cardinal,Cardinalis cardinalis,,,Felipe Harker,2026-05-02,2026,5,2,1002,United States,US-TX-201,Texas,Harris,Jesse H. Jones County Park (UTC 038),30.0240000,-95.2950000,"",,Unspecified,false,false,,,,,,,S333500962,"",,,,,Cardinalis cardinalis,norcar,Species,34515,,.00,0,,5792,8688
656731932,Photo,Northern Cardinal,Cardinalis cardinalis,,,Felipe Harker,2026-05-02,2026,5,2,1002,United States,US-TX-201,Texas,Harris,Jesse H. Jones County Park (UTC 038),30.0240000,-95.2950000,"",,Unspecified,false,false,,,,,,,S333500962,"",,,,,Cardinalis cardinalis,norcar,Species,34515,,.00,0,,5792,8688
656731930,Photo,Northern Cardinal,Cardinalis cardinalis,,,Felipe Harker,2026-05-02,2026,5,2,1002,United States,US-TX-201,Texas,Harris,Jesse H. Jones County Park (UTC 038),30.0240000,-95.2950000,"",,Unspecified,false,false,,,,,,,S333500962,"",,,,,Cardinalis cardinalis,norcar,Species,34515,,.00,0,,5792,8688
656731844,Photo,Northern Mockingbird,Mimus polyglottos,,,Felipe Harker,2026-04-26,2026,4,26,1827,United States,US-TX-201,Texas,Harris,Fall Creek Subdivision,29.9329260,-95.2771390,"",,Unspecified,false,false,,,,,,,S328558759,"",,,,,Mimus polyglottos,normoc,Species,28114,,.00,0,,5792,8688
656731843,Photo,Northern Mockingbird,Mimus polyglottos,,,Felipe Harker,2026-04-26,2026,4,26,1827,United States,US-TX-201,Texas,Harris,Fall Creek Subdivision,29.9329260,-95.2771390,"",,Unspecified,false,false,,,,,,,S328558759,"",,,,,Mimus polyglottos,normoc,Species,28114,,.00,0,,5792,8688
656731842,Photo,Northern Mockingbird,Mimus polyglottos,,,Felipe Harker,2026-04-26,2026,4,26,1827,United States,US-TX-201,Texas,Harris,Fall Creek Subdivision,29.9329260,-95.2771390,"",,Unspecified,false,false,,,,,,,S328558759,"",,,,,Mimus polyglottos,normoc,Species,28114,,.00,0,,5792,8688
656731840,Photo,Northern Mockingbird,Mimus polyglottos,,,Felipe Harker,2026-04-26,2026,4,26,1827,United States,US-TX-201,Texas,Harris,Fall Creek Subdivision,29.9329260,-95.2771390,"",,Unspecified,false,false,,,,,,,S328558759,"",,,,,Mimus polyglottos,normoc,Species,28114,,.00,0,,5792,8688
656731813,Photo,Northern Mockingbird,Mimus polyglottos,,,Felipe Harker,2026-04-26,2026,4,26,1827,United States,US-TX-201,Texas,Harris,Fall Creek Subdivision,29.9329260,-95.2771390,"",,Unspecified,false,false,,,,,,,S328558759,"",,,,,Mimus polyglottos,normoc,Species,28114,,.00,0,,5792,8688
656731799,Photo,White-winged Dove,Zenaida asiatica,,,Felipe Harker,2026-04-26,2026,4,26,1827,United States,US-TX-201,Texas,Harris,Fall Creek Subdivision,29.9329260,-95.2771390,"",,Unspecified,false,false,,,,,,,S328558759,"",,,,,Zenaida asiatica,whwdov,Species,2389,,.00,0,,5792,8688
656731756,Photo,Northern Cardinal,Cardinalis cardinalis,,,Felipe Harker,2026-04-22,2026,4,22,1830,United States,US-TX-201,Texas,Harris,Home (private),29.9328390,-95.2771470,"",,Unspecified,false,false,,,,,,,S333655255,"",,,,,Cardinalis cardinalis,norcar,Species,34515,,.00,0,,4160,6240
656731757,Photo,Northern Cardinal,Cardinalis cardinalis,,,Felipe Harker,2026-04-22,2026,4,22,1830,United States,US-TX-201,Texas,Harris,Home (private),29.9328390,-95.2771470,"",,Unspecified,false,false,,,,,,,S333655255,"",,,,,Cardinalis cardinalis,norcar,Species,34515,,.00,0,,4240,6360
656731755,Photo,Northern Cardinal,Cardinalis cardinalis,,,Felipe Harker,2026-04-22,2026,4,22,1830,United States,US-TX-201,Texas,Harris,Home (private),29.9328390,-95.2771470,"",,Unspecified,false,false,,,,,,,S333655255,"",,,,,Cardinalis cardinalis,norcar,Species,34515,,.00,0,,4266,6399
656731733,Photo,Mourning Dove,Zenaida macroura,,,Felipe Harker,2026-04-22,2026,4,22,1830,United States,US-TX-201,Texas,Harris,Home (private),29.9328390,-95.2771470,"",,Unspecified,false,false,,,,,,,S333655255,"",,,,,Zenaida macroura,moudov,Species,2412,,.00,0,,4497,6746
656731732,Photo,Mourning Dove,Zenaida macroura,,,Felipe Harker,2026-04-22,2026,4,22,1830,United States,US-TX-201,Texas,Harris,Home (private),29.9328390,-95.2771470,"",,Unspecified,false,false,,,,,,,S333655255,"",,,,,Zenaida macroura,moudov,Species,2412,,.00,0,,4658,6987
656731538,Photo,Carolina Wren,Thryothorus ludovicianus,,,Felipe Harker,2026-04-18,2026,4,18,1803,United States,US-TX-339,Texas,Montgomery,San Jacinto R. at I-45 (Montgomery Co.),30.2483390,-95.4584877,"",,Unspecified,false,false,,,,,,,S326808768,"",,,,,Thryothorus ludovicianus,carwre,Species,27348,,.00,0,,5792,8688
656731533,Photo,Northern Mockingbird,Mimus polyglottos,,,Felipe Harker,2026-04-18,2026,4,18,1803,United States,US-TX-339,Texas,Montgomery,San Jacinto R. at I-45 (Montgomery Co.),30.2483390,-95.4584877,"",,Unspecified,false,false,,,,,,,S326808768,"",,,,,Mimus polyglottos,normoc,Species,28114,,.00,0,,4370,6555
656731531,Photo,Eastern Bluebird,Sialia sialis,,,Felipe Harker,2026-04-18,2026,4,18,1803,United States,US-TX-339,Texas,Montgomery,San Jacinto R. at I-45 (Montgomery Co.),30.2483390,-95.4584877,"",,Unspecified,false,false,,,,,,,S326808768,"",,,,,Sialia sialis,easblu,Species,28126,,.00,0,,5792,8688
656731523,Photo,American Robin,Turdus migratorius,,,Felipe Harker,2026-04-18,2026,4,18,1803,United States,US-TX-339,Texas,Montgomery,San Jacinto R. at I-45 (Montgomery Co.),30.2483390,-95.4584877,"",,Unspecified,false,false,,,,,,,S326808768,"",,,,,Turdus migratorius,amerob,Species,28633,,.00,0,,5792,8688
656731517,Photo,Cedar Waxwing,Bombycilla cedrorum,,,Felipe Harker,2026-04-18,2026,4,18,1803,United States,US-TX-339,Texas,Montgomery,San Jacinto R. at I-45 (Montgomery Co.),30.2483390,-95.4584877,"",,Unspecified,false,false,,,,,,,S326808768,"",,,,,Bombycilla cedrorum,cedwax,Species,29888,,.00,0,,5792,8688
656731510,Photo,Northern Mockingbird,Mimus polyglottos,,,Felipe Harker,2026-04-18,2026,4,18,1803,United States,US-TX-339,Texas,Montgomery,San Jacinto R. at I-45 (Montgomery Co.),30.2483390,-95.4584877,"",,Unspecified,false,false,,,,,,,S326808768,"",,,,,Mimus polyglottos,normoc,Species,28114,,.00,0,,5792,8688
656731483,Photo,Black-bellied Whistling-Duck,Dendrocygna autumnalis,,,Felipe Harker,2026-04-18,2026,4,18,1803,United States,US-TX-339,Texas,Montgomery,San Jacinto R. at I-45 (Montgomery Co.),30.2483390,-95.4584877,"",,Unspecified,false,false,,,,,,,S326808768,"",,,,,Dendrocygna autumnalis,bbwduc,Species,243,,.00,0,,5792,8688
656731475,Photo,Egyptian Goose,Alopochen aegyptiaca,,,Felipe Harker,2026-04-18,2026,4,18,1803,United States,US-TX-339,Texas,Montgomery,San Jacinto R. at I-45 (Montgomery Co.),30.2483390,-95.4584877,"",,Unspecified,false,false,,,,,,,S326808768,"",,,,,Alopochen aegyptiaca,egygoo,Species,417,,.00,0,,2653,3980
656731472,Photo,Great Egret,Ardea alba,,,Felipe Harker,2026-04-18,2026,4,18,1803,United States,US-TX-339,Texas,Montgomery,San Jacinto R. at I-45 (Montgomery Co.),30.2483390,-95.4584877,"",,Unspecified,false,false,,,,,,,S326808768,"",,,,,Ardea alba,greegr,Species,7729,,.00,0,,4349,6524
656731471,Photo,Great Egret,Ardea alba,,,Felipe Harker,2026-04-18,2026,4,18,1803,United States,US-TX-339,Texas,Montgomery,San Jacinto R. at I-45 (Montgomery Co.),30.2483390,-95.4584877,"",,Unspecified,false,false,,,,,,,S326808768,"",,,,,Ardea alba,greegr,Species,7729,,.00,0,,4162,6243
656731389,Photo,Black-bellied Whistling-Duck,Dendrocygna autumnalis,,,Felipe Harker,2026-04-18,2026,4,18,1803,United States,US-TX-339,Texas,Montgomery,San Jacinto R. at I-45 (Montgomery Co.),30.2483390,-95.4584877,"",,Unspecified,false,false,,,,,,,S326808768,"",,,,,Dendrocygna autumnalis,bbwduc,Species,243,,.00,0,,5792,8688
656731385,Photo,Black-bellied Whistling-Duck,Dendrocygna autumnalis,,,Felipe Harker,2026-04-18,2026,4,18,1803,United States,US-TX-339,Texas,Montgomery,San Jacinto R. at I-45 (Montgomery Co.),30.2483390,-95.4584877,"",,Unspecified,false,false,,,,,,,S326808768,"",,,,,Dendrocygna autumnalis,bbwduc,Species,243,,.00,0,,5792,8688
656731387,Photo,Black-bellied Whistling-Duck,Dendrocygna autumnalis,,,Felipe Harker,2026-04-18,2026,4,18,1803,United States,US-TX-339,Texas,Montgomery,San Jacinto R. at I-45 (Montgomery Co.),30.2483390,-95.4584877,"",,Unspecified,false,false,,,,,,,S326808768,"",,,,,Dendrocygna autumnalis,bbwduc,Species,243,,.00,0,,5792,8688
656731384,Photo,Black-bellied Whistling-Duck,Dendrocygna autumnalis,,,Felipe Harker,2026-04-18,2026,4,18,1803,United States,US-TX-339,Texas,Montgomery,San Jacinto R. at I-45 (Montgomery Co.),30.2483390,-95.4584877,"",,Unspecified,false,false,,,,,,,S326808768,"",,,,,Dendrocygna autumnalis,bbwduc,Species,243,,.00,0,,5792,8688
656731383,Photo,Black-bellied Whistling-Duck,Dendrocygna autumnalis,,,Felipe Harker,2026-04-18,2026,4,18,1803,United States,US-TX-339,Texas,Montgomery,San Jacinto R. at I-45 (Montgomery Co.),30.2483390,-95.4584877,"",,Unspecified,false,false,,,,,,,S326808768,"",,,,,Dendrocygna autumnalis,bbwduc,Species,243,,.00,0,,3600,5401
656731382,Photo,Black-bellied Whistling-Duck,Dendrocygna autumnalis,,,Felipe Harker,2026-04-18,2026,4,18,1803,United States,US-TX-339,Texas,Montgomery,San Jacinto R. at I-45 (Montgomery Co.),30.2483390,-95.4584877,"",,Unspecified,false,false,,,,,,,S326808768,"",,,,,Dendrocygna autumnalis,bbwduc,Species,243,,.00,0,,3616,5424
656731355,Photo,Black-bellied Whistling-Duck,Dendrocygna autumnalis,,,Felipe Harker,2026-04-18,2026,4,18,1803,United States,US-TX-339,Texas,Montgomery,San Jacinto R. at I-45 (Montgomery Co.),30.2483390,-95.4584877,"",,Unspecified,false,false,,,,,,,S326808768,"",,,,,Dendrocygna autumnalis,bbwduc,Species,243,,.00,0,,5792,8688
656731347,Photo,European Starling,Sturnus vulgaris,,,Felipe Harker,2026-04-18,2026,4,18,1803,United States,US-TX-339,Texas,Montgomery,San Jacinto R. at I-45 (Montgomery Co.),30.2483390,-95.4584877,"",,Unspecified,false,false,,,,,,,S326808768,"",,,,,Sturnus vulgaris,eursta,Species,27813,,.00,0,,5792,8688
656731336,Photo,Eastern Bluebird,Sialia sialis,,,Felipe Harker,2026-04-18,2026,4,18,1803,United States,US-TX-339,Texas,Montgomery,San Jacinto R. at I-45 (Montgomery Co.),30.2483390,-95.4584877,"",,Unspecified,false,false,,,,,,,S326808768,"",,,,,Sialia sialis,easblu,Species,28126,,.00,0,,5792,8688
656731337,Photo,Eastern Bluebird,Sialia sialis,,,Felipe Harker,2026-04-18,2026,4,18,1803,United States,US-TX-339,Texas,Montgomery,San Jacinto R. at I-45 (Montgomery Co.),30.2483390,-95.4584877,"",,Unspecified,false,false,,,,,,,S326808768,"",,,,,Sialia sialis,easblu,Species,28126,,.00,0,,5792,8688
656731335,Photo,Eastern Bluebird,Sialia sialis,,,Felipe Harker,2026-04-18,2026,4,18,1803,United States,US-TX-339,Texas,Montgomery,San Jacinto R. at I-45 (Montgomery Co.),30.2483390,-95.4584877,"",,Unspecified,false,false,,,,,,,S326808768,"",,,,,Sialia sialis,easblu,Species,28126,,.00,0,,3822,5735
656731327,Photo,American Robin,Turdus migratorius,,,Felipe Harker,2026-04-18,2026,4,18,1803,United States,US-TX-339,Texas,Montgomery,San Jacinto R. at I-45 (Montgomery Co.),30.2483390,-95.4584877,"",,Unspecified,false,false,,,,,,,S326808768,"",,,,,Turdus migratorius,amerob,Species,28633,,.00,0,,5792,8688
656731293,Photo,Black Vulture,Coragyps atratus,,,Felipe Harker,2026-04-12,2026,4,12,1158,United States,US-TX-019,Texas,Bandera,Pipe Creek (private),29.6982480,-98.9736290,"",,Unspecified,false,false,,,,,,,S321692354,"",,,,,Coragyps atratus,blkvul,Species,7811,,.00,0,,5792,8688
656731292,Photo,Black Vulture,Coragyps atratus,,,Felipe Harker,2026-04-12,2026,4,12,1158,United States,US-TX-019,Texas,Bandera,Pipe Creek (private),29.6982480,-98.9736290,"",,Unspecified,false,false,,,,,,,S321692354,"",,,,,Coragyps atratus,blkvul,Species,7811,,.00,0,,5792,8688
656731290,Photo,Black Vulture,Coragyps atratus,,,Felipe Harker,2026-04-12,2026,4,12,1158,United States,US-TX-019,Texas,Bandera,Pipe Creek (private),29.6982480,-98.9736290,"",,Unspecified,false,false,,,,,,,S321692354,"",,,,,Coragyps atratus,blkvul,Species,7811,,.00,0,,5792,8688
656731291,Photo,Black Vulture,Coragyps atratus,,,Felipe Harker,2026-04-12,2026,4,12,1158,United States,US-TX-019,Texas,Bandera,Pipe Creek (private),29.6982480,-98.9736290,"",,Unspecified,false,false,,,,,,,S321692354,"",,,,,Coragyps atratus,blkvul,Species,7811,,.00,0,,5792,8688
656731276,Photo,Black-chinned Hummingbird,Archilochus alexandri,,,Felipe Harker,2026-04-12,2026,4,12,1158,United States,US-TX-019,Texas,Bandera,Pipe Creek (private),29.6982480,-98.9736290,"",,Unspecified,false,false,,,,,,,S321692354,"",,,,,Archilochus alexandri,bkchum,Species,4803,,.00,0,,5792,3861
656731277,Photo,Black-chinned Hummingbird,Archilochus alexandri,,,Felipe Harker,2026-04-12,2026,4,12,1158,United States,US-TX-019,Texas,Bandera,Pipe Creek (private),29.6982480,-98.9736290,"",,Unspecified,false,false,,,,,,,S321692354,"",,,,,Archilochus alexandri,bkchum,Species,4803,,.00,0,,5792,3861
656731278,Photo,Black-chinned Hummingbird,Archilochus alexandri,,,Felipe Harker,2026-04-12,2026,4,12,1158,United States,US-TX-019,Texas,Bandera,Pipe Creek (private),29.6982480,-98.9736290,"",,Unspecified,false,false,,,,,,,S321692354,"",,,,,Archilochus alexandri,bkchum,Species,4803,,.00,0,,5792,3861
656731279,Photo,Black-chinned Hummingbird,Archilochus alexandri,,,Felipe Harker,2026-04-12,2026,4,12,1158,United States,US-TX-019,Texas,Bandera,Pipe Creek (private),29.6982480,-98.9736290,"",,Unspecified,false,false,,,,,,,S321692354,"",,,,,Archilochus alexandri,bkchum,Species,4803,,.00,0,,5792,3861
656731274,Photo,Black-chinned Hummingbird,Archilochus alexandri,,,Felipe Harker,2026-04-12,2026,4,12,1158,United States,US-TX-019,Texas,Bandera,Pipe Creek (private),29.6982480,-98.9736290,"",,Unspecified,false,false,,,,,,,S321692354,"",,,,,Archilochus alexandri,bkchum,Species,4803,,.00,0,,2393,3590
656730921,Photo,Northern Mockingbird,Mimus polyglottos,,,Felipe Harker,2026-04-10,2026,4,10,909,United States,US-TX-029,Texas,Bexar,San Pedro Springs Park (HOTE 094),29.4467731,-98.5014868,"",,Unspecified,false,false,,,,,,,S321697386,"",,,,,Mimus polyglottos,normoc,Species,28114,,.00,0,,5792,8688
656730920,Photo,Northern Mockingbird,Mimus polyglottos,,,Felipe Harker,2026-04-10,2026,4,10,909,United States,US-TX-029,Texas,Bexar,San Pedro Springs Park (HOTE 094),29.4467731,-98.5014868,"",,Unspecified,false,false,,,,,,,S321697386,"",,,,,Mimus polyglottos,normoc,Species,28114,,.00,0,,3760,5640
656730890,Photo,House Sparrow,Passer domesticus,,,Felipe Harker,2026-04-10,2026,4,10,909,United States,US-TX-029,Texas,Bexar,San Pedro Springs Park (HOTE 094),29.4467731,-98.5014868,"",,Unspecified,false,false,,,,,,,S321697386,"",,,,,Passer domesticus,houspa,Species,31534,,.00,0,,2892,4338
656730771,Photo,Mourning Dove,Zenaida macroura,,,Felipe Harker,2026-04-10,2026,4,10,909,United States,US-TX-029,Texas,Bexar,San Pedro Springs Park (HOTE 094),29.4467731,-98.5014868,"",,Unspecified,false,false,,,,,,,S321697386,"",,,,,Zenaida macroura,moudov,Species,2412,,.00,0,,3243,4865
656730702,Photo,European Starling,Sturnus vulgaris,,,Felipe Harker,2026-04-10,2026,4,10,909,United States,US-TX-029,Texas,Bexar,San Pedro Springs Park (HOTE 094),29.4467731,-98.5014868,"",,Unspecified,false,false,,,,,,,S321697386,"",,,,,Sturnus vulgaris,eursta,Species,27813,,.00,0,,5792,8688
656730701,Photo,European Starling,Sturnus vulgaris,,,Felipe Harker,2026-04-10,2026,4,10,909,United States,US-TX-029,Texas,Bexar,San Pedro Springs Park (HOTE 094),29.4467731,-98.5014868,"",,Unspecified,false,false,,,,,,,S321697386,"",,,,,Sturnus vulgaris,eursta,Species,27813,,.00,0,,5792,8688
656730667,Photo,House Sparrow,Passer domesticus,,,Felipe Harker,2026-04-10,2026,4,10,909,United States,US-TX-029,Texas,Bexar,San Pedro Springs Park (HOTE 094),29.4467731,-98.5014868,"",,Unspecified,false,false,,,,,,,S321697386,"",,,,,Passer domesticus,houspa,Species,31534,,.00,0,,3101,4651
656730668,Photo,House Sparrow,Passer domesticus,,,Felipe Harker,2026-04-10,2026,4,10,909,United States,US-TX-029,Texas,Bexar,San Pedro Springs Park (HOTE 094),29.4467731,-98.5014868,"",,Unspecified,false,false,,,,,,,S321697386,"",,,,,Passer domesticus,houspa,Species,31534,,.00,0,,3632,5448
656730598,Photo,Northern Mockingbird,Mimus polyglottos,,,Felipe Harker,2026-04-10,2026,4,10,909,United States,US-TX-029,Texas,Bexar,San Pedro Springs Park (HOTE 094),29.4467731,-98.5014868,"",,Unspecified,false,false,,,,,,,S321697386,"",,,,,Mimus polyglottos,normoc,Species,28114,,.00,0,,5792,8688
656730597,Photo,Northern Mockingbird,Mimus polyglottos,,,Felipe Harker,2026-04-10,2026,4,10,909,United States,US-TX-029,Texas,Bexar,San Pedro Springs Park (HOTE 094),29.4467731,-98.5014868,"",,Unspecified,false,false,,,,,,,S321697386,"",,,,,Mimus polyglottos,normoc,Species,28114,,.00,0,,5792,8688
656730595,Photo,Northern Mockingbird,Mimus polyglottos,,,Felipe Harker,2026-04-10,2026,4,10,909,United States,US-TX-029,Texas,Bexar,San Pedro Springs Park (HOTE 094),29.4467731,-98.5014868,"",,Unspecified,false,false,,,,,,,S321697386,"",,,,,Mimus polyglottos,normoc,Species,28114,,.00,0,,2038,3057
656730596,Photo,Northern Mockingbird,Mimus polyglottos,,,Felipe Harker,2026-04-10,2026,4,10,909,United States,US-TX-029,Texas,Bexar,San Pedro Springs Park (HOTE 094),29.4467731,-98.5014868,"",,Unspecified,false,false,,,,,,,S321697386,"",,,,,Mimus polyglottos,normoc,Species,28114,,.00,0,,4939,7409